{
  "dataset": "C:\\Matthias\\Studium\\Master\\SemesterProject\\GitHub\\Clone\\ZEN-garden\\Data\\5_reduced_import_availability",
  "objective": "total_cost",
  "sense": "minimize",
  "transport_distance": "Euclidean",
  "subsets": {
    "set_carriers": [],
    "set_technologies": {
      "set_conversion_technologies": [
        "set_retrofitting_technologies"
      ],
      "set_transport_technologies": [],
      "set_storage_technologies": []
    }
  },
  "header_data_inputs": {
    "set_nodes": "node",
    "set_edges": "edge",
    "set_location": "location",
    "set_time_steps": "time",
    "set_time_steps_operation": "time_operation",
    "set_time_steps_storage_level": "time_storage_level",
    "set_time_steps_yearly": "year",
    "set_time_steps_yearly_entire_horizon": "year_entire_horizon",
    "set_carriers": "carrier",
    "set_input_carriers": "carrier",
    "set_output_carriers": "carrier",
    "set_time_steps_storage": "time_storage_level",
    "set_dependent_carriers": "carrier",
    "set_elements": "element",
    "set_conversion_technologies": "technology",
    "set_transport_technologies": "technology",
    "set_transport_technologies_loss_exponential": "technology",
    "set_storage_technologies": "technology",
    "set_technologies": "technology",
    "set_technologies_existing": "technology_existing",
    "set_capacity_types": "capacity_type"
  },
  "time_series_aggregation": {
    "clusterMethod": "hierarchical",
    "solver": "gurobi",
    "hoursPerPeriod": 1,
    "extremePeriodMethod": "None",
    "rescaleClusterPeriods": false,
    "representationMethod": "meanRepresentation",
    "resolution": 1,
    "segmentation": false,
    "noSegments": 12
  },
  "postprocess": false,
  "folder_output": "C:\\Matthias\\Studium\\Master\\SemesterProject\\GitHub\\Clone\\ZEN-garden\\Data\\outputs",
  "overwrite_output": true,
  "output_format": "h5",
  "write_results_yml": false,
  "max_output_size_mb": 500,
  "folder_name_system_specification": "system_specification",
  "earliest_year_of_data": 1900,
  "use_capacities_existing": true
}