{
  "set_carriers": [
    "heat",
    "natural_gas",
    "electricity"
  ],
  "set_capacity_types": [
    "power",
    "energy"
  ],
  "set_conversion_technologies": [
    "natural_gas_boiler",
    "photovoltaics"
  ],
  "set_storage_technologies": [
    "natural_gas_storage"
  ],
  "set_retrofitting_technologies": [],
  "storage_periodicity": true,
  "set_transport_technologies": [
    "natural_gas_pipeline"
  ],
  "set_transport_technologies_loss_exponential": [],
  "double_capex_transport": false,
  "set_nodes": [
    "CH",
    "DE"
  ],
  "exclude_parameters_from_TSA": true,
  "conduct_scenario_analysis": false,
  "run_default_scenario": true,
  "clean_sub_scenarios": false,
  "total_hours_per_year": 8760,
  "knowledge_depreciation_rate": 0.1,
  "enforce_selfish_behavior": false,
  "reference_year": 2022,
  "unaggregated_time_steps_per_year": 1,
  "aggregated_time_steps_per_year": 1,
  "conduct_time_series_aggregation": false,
  "optimized_years": 1,
  "interval_between_years": 1,
  "use_rolling_horizon": false,
  "years_in_rolling_horizon": 1,
  "use_capacities_existing": true,
  "set_technologies": [
    "natural_gas_boiler",
    "photovoltaics",
    "natural_gas_pipeline",
    "natural_gas_storage"
  ],
  "fix_keys": [
    "set_carriers",
    "set_capacity_types",
    "set_conversion_technologies",
    "set_storage_technologies",
    "set_retrofitting_technologies",
    "storage_periodicity",
    "set_transport_technologies",
    "set_transport_technologies_loss_exponential",
    "double_capex_transport",
    "set_nodes",
    "exclude_parameters_from_TSA",
    "conduct_scenario_analysis",
    "run_default_scenario",
    "clean_sub_scenarios",
    "total_hours_per_year",
    "knowledge_depreciation_rate",
    "enforce_selfish_behavior",
    "reference_year",
    "unaggregated_time_steps_per_year",
    "aggregated_time_steps_per_year",
    "conduct_time_series_aggregation",
    "optimized_years",
    "interval_between_years",
    "use_rolling_horizon",
    "years_in_rolling_horizon",
    "use_capacities_existing",
    "set_technologies",
    "fix_keys",
    "i"
  ],
  "i": 10
}