{
  "carbon_intensity_carrier": {
    "default_value": 0.0,
    "unit": "kilotons/GWh"
  },
  "demand": {
    "default_value": 0.0,
    "unit": "GW"
  },
  "price_shed_demand": {
    "default_value": "inf",
    "unit": "kiloEuro/GWh"
  },
  "availability_import": {
    "default_value": "inf",
    "unit": "GW"
  },
  "availability_export": {
    "default_value": "inf",
    "unit": "GW"
  },
  "availability_import_yearly": {
    "default_value": "inf",
    "unit": "GWh"
  },
  "availability_export_yearly": {
    "default_value": 0.0,
    "unit": "GWh"
  },
  "price_export": {
    "default_value": 0.0,
    "unit": "kiloEuro/GWh"
  },
  "price_import": {
    "default_value": 0.0,
    "unit": "kiloEuro/GWh"
  }
}