{
  "name": "glpk",
  "solver_options": {
    "fix_keys": [],
    "i": 0
  },
  "check_unit_consistency": true,
  "solver_dir": ".//outputs//solver_files",
  "keep_files": false,
  "io_api": "direct",
  "add_duals": false,
  "recommend_base_units": false,
  "immutable_unit": [
    "hour",
    "km"
  ],
  "range_unit_exponents": {
    "min": -1,
    "max": 1,
    "step_width": 1
  },
  "define_ton_as_metric_ton": true,
  "rounding_decimal_points": 5,
  "rounding_decimal_points_ts": 4,
  "linear_regression_check": {
    "eps_intercept": 0.1,
    "epsRvalue": 0.99999
  },
  "rounding_decimal_points_units": 6,
  "round_parameters": true,
  "rounding_decimal_points_capacity": 4,
  "analyze_numerics": true,
  "use_symbolic_labels": false
}